[
    {
        "name": "6-й магазин",
        "IDRJ": "2"
    },
    {
        "name": "Аляска",
        "IDRJ": "3"
    },
    {
        "name": "БАМ",
        "IDRJ": "4"
    },
    {
        "name": "Дружба",
        "IDRJ": "5"
    },
    {
        "name": "Канада",
        "IDRJ": "6"
    },
    {
        "name": "Кутківці",
        "IDRJ": "7"
    },
    {
        "name": "Новий Світ",
        "IDRJ": "8"
    },
    {
        "name": "Промисловий",
        "IDRJ": "9"
    },
    {
        "name": "Р-н туб.дисп.",
        "IDRJ": "10"
    },
    {
        "name": "Р-н Цукровий",
        "IDRJ": "11"
    },
    {
        "name": "Рогатка",
        "IDRJ": "12"
    },
    {
        "name": "Старий парк",
        "IDRJ": "13"
    },
    {
        "name": "Східний",
        "IDRJ": "14"
    },
    {
        "name": "Центр",
        "IDRJ": "15"
    },
    {
        "name": "Байківці",
        "IDRJ": "17"
    },
    {
        "name": "Біла",
        "IDRJ": "18"
    },
    {
        "name": "Бірки",
        "IDRJ": "19"
    },
    {
        "name": "В. Березовиця",
        "IDRJ": "20"
    },
    {
        "name": "Великі Гаї",
        "IDRJ": "21"
    },
    {
        "name": "Гаї Гречинські",
        "IDRJ": "22"
    },
    {
        "name": "Гаї Ходоровські",
        "IDRJ": "23"
    },
    {
        "name": "Гаї Шевченківські",
        "IDRJ": "24"
    },
    {
        "name": "Гаї Чумакові",
        "IDRJ": "25"
    },
    {
        "name": "Кемпінг",
        "IDRJ": "26"
    },
    {
        "name": "Кутківці",
        "IDRJ": "27"
    },
    {
        "name": "Острів",
        "IDRJ": "28"
    },
    {
        "name": "Смиківці",
        "IDRJ": "29"
    },
    {
        "name": "Петриків",
        "IDRJ": "30"
    },
    {
        "name": "Підгороднє",
        "IDRJ": "31"
    },
    {
        "name": "Плотича Терн.",
        "IDRJ": "32"
    },
    {
        "name": "Пронятин",
        "IDRJ": "33"
    },
    {
        "name": "Шляхтинці",
        "IDRJ": "34"
    }
]